{"info":{"_postman_id":"285f6259-dc97-484e-af49-3b6107fd8450","name":"new account","schema":"https://schema.getpostman.com/json/collection/v2.1.0/collection.json"},"item":[{"name":"new account","id":"a7ff16b2-7bd2-41dd-a175-708f89e9d3f9","protocolProfileBehavior":{"disableBodyPruning":true},"request":{"method":"POST","header":[],"url":{"raw":"http://localhost:9001/newAccount?id=1&initialBalance=1000","protocol":"http","host":["localhost"],"port":"9001","path":["newAccount"],"query":[{"key":"id","value":"1"},{"key":"initialBalance","value":"1000"}]},"description":"create new account"},"response":[]}]}