{"info":{"_postman_id":"3171ec81-5b00-4656-85c6-017c204fb68d","name":"Balances","schema":"https://schema.getpostman.com/json/collection/v2.1.0/collection.json"},"item":[{"name":"GET balance","id":"a62b4eb7-29ba-4951-859d-8151102ea849","protocolProfileBehavior":{"disableBodyPruning":true},"request":{"method":"GET","header":[],"url":{"raw":"http://localhost:9001/balances/1_f4eedb16-2b7b-403c-aa3d-432e50103aef","protocol":"http","host":["localhost"],"port":"9001","path":["balances","1_f4eedb16-2b7b-403c-aa3d-432e50103aef"]}},"response":[]}]}