{"info":{"_postman_id":"e579708c-1fda-4eac-88f6-2a49326ce1ec","name":"transfer","schema":"https://schema.getpostman.com/json/collection/v2.1.0/collection.json"},"item":[{"name":"transfer","event":[{"listen":"test","script":{"id":"b3aa2944-c009-4b89-a8ea-6a5eef48b215","exec":["pm.globals.set(\"account A\", \"123\");"],"type":"text/javascript"}}],"id":"a2958707-bcd2-40b3-a732-c90c6948321f","protocolProfileBehavior":{"disableBodyPruning":true},"request":{"method":"POST","header":[],"url":{"raw":"http://localhost:9001/transfer?srcAccount={{account A}}&dstAccount=1_2c68f029-f4f6-48fb-9c0c-56f57657eeeb&amount=300","protocol":"http","host":["localhost"],"port":"9001","path":["transfer"],"query":[{"key":"srcAccount","value":"{{account A}}"},{"key":"dstAccount","value":"1_2c68f029-f4f6-48fb-9c0c-56f57657eeeb"},{"key":"amount","value":"300"}]}},"response":[]}]}